"id","matchDate","Country","League","Season","homeTeam","awayTeam","H","D","A","O05","U05","O15","U15","O25","U25","O35","U35","O45","U45","BTTSY","BTTSN"
"86842","26-01-26 18:00","Turkey","Super Lig","2025/2026","Eyupspor","Besiktas","9.58","6.57","1.29","1.01","21.00","1.10","6.84","1.36","3.16","1.98","1.88","3.15","1.36","1.70","2.16"
"85215","25-01-26 18:00","Turkey","Super Lig","2025/2026","Fenerbahce","Goztepe","1.46","4.62","7.56","1.02","13.70","1.23","4.21","1.78","2.10","2.82","1.43","5.36","1.16","1.81","2.00"
"85198","25-01-26 15:00","Turkey","Super Lig","2025/2026","Antalyaspor","Genclerbirligi","2.83","3.39","2.62","1.06","9.00","1.39","3.00","2.29","1.67","3.96","1.25","8.41","1.07","1.90","1.90"
"85199","25-01-26 15:00","Turkey","Super Lig","2025/2026","Rizespor","Alanyaspor","1.94","3.58","4.20","1.06","9.00","1.32","3.40","2.08","1.80","3.53","1.30","6.97","1.10","1.90","1.90"
"85183","25-01-26 12:30","Turkey","Super Lig","2025/2026","Gaziantep","Konyaspor","2.21","3.53","3.39","1.03","13.00","1.25","4.00","1.86","2.00","2.96","1.40","5.63","1.14","1.65","2.25"
"84307","24-01-26 18:00","Turkey","Super Lig","2025/2026","Karagumruk","Galatasaray","11.50","7.09","1.25","1.01","22.00","1.13","5.91","1.46","2.73","2.11","1.78","3.33","1.33","1.85","1.95"
"84263","24-01-26 15:00","Turkey","Super Lig","2025/2026","Samsunspor","Kocaelispor","2.38","3.09","3.47","1.13","6.00","1.58","2.38","2.78","1.45","5.63","1.14","11.00","1.04","2.14","1.71"
"84241","24-01-26 12:30","Turkey","Super Lig","2025/2026","Kayserispor","Basaksehir","3.51","3.59","2.14","1.03","13.00","1.25","4.00","1.86","2.00","2.96","1.40","5.63","1.14","1.59","2.36"
"83914","23-01-26 18:00","Turkey","Super Lig","2025/2026","Trabzonspor","Kasimpasa","1.63","4.25","5.46","1.01","14.60","1.16","5.32","1.58","2.39","2.36","1.59","4.03","1.25","1.59","2.36"
"80998","19-01-26 18:00","Turkey","Super Lig","2025/2026","Besiktas","Kayserispor","1.42","5.26","7.27","1.02","21.00","1.12","6.32","1.42","2.90","2.09","1.80","3.36","1.33","1.56","2.43"
"80999","19-01-26 18:00","Turkey","Super Lig","2025/2026","Goztepe","Rizespor","2.06","3.19","4.33","1.09","7.37","1.42","2.90","2.38","1.58","4.34","1.22","8.58","1.07","1.95","1.85"
"80997","19-01-26 15:00","Turkey","Super Lig","2025/2026","Konyaspor","Eyupspor","1.44","4.99","7.35","1.03","13.00","1.25","4.00","1.86","2.00","2.96","1.40","5.63","1.14","2.05","1.77"
"79699","18-01-26 18:00","Turkey","Super Lig","2025/2026","Alanyaspor","Fenerbahce","5.72","4.48","1.58","1.03","11.70","1.28","3.72","1.92","1.94","3.33","1.33","6.18","1.12","1.95","1.85"
"79686","18-01-26 15:00","Turkey","Super Lig","2025/2026","Genclerbirligi","Samsunspor","2.37","3.19","3.39","1.08","8.00","1.45","2.75","2.41","1.57","4.27","1.22","9.01","1.06","1.96","1.85"
"79687","18-01-26 15:00","Turkey","Super Lig","2025/2026","Kocaelispor","Trabzonspor","2.66","3.42","2.77","1.06","9.00","1.34","3.25","2.19","1.73","3.64","1.29","7.73","1.09","1.85","1.96"
"79674","18-01-26 12:30","Turkey","Super Lig","2025/2026","Kasimpasa","Antalyaspor","2.11","3.31","3.92","1.08","8.00","1.39","3.00","2.29","1.67","3.96","1.25","8.41","1.07","1.81","2.00"
"79649","17-01-26 18:00","Turkey","Super Lig","2025/2026","Galatasaray","Gaziantep","1.20","7.97","14.60","1.01","23.00","1.10","7.00","1.34","3.25","2.04","1.83","3.13","1.37","1.85","1.96"
"79604","17-01-26 15:00","Turkey","Super Lig","2025/2026","Basaksehir","Karagumruk","1.50","4.65","6.72","1.02","15.00","1.21","4.50","1.67","2.20","2.59","1.50","4.84","1.18","1.85","1.96"
"75499","22-12-25 18:00","Turkey","Super Lig","2025/2026","Genclerbirligi","Trabzonspor","3.37","3.47","2.25","1.04","11.60","1.25","3.95","1.94","1.92","3.15","1.36","5.82","1.14","1.64","2.26"
"75500","22-12-25 15:00","Turkey","Super Lig","2025/2026","Basaksehir","Gaziantep","1.65","4.25","5.33","1.01","14.60","1.19","4.74","1.61","2.32","2.47","1.54","4.34","1.22","1.59","2.36"
"75492","21-12-25 18:00","Turkey","Super Lig","2025/2026","Galatasaray","Kasimpasa","1.25","8.07","9.68","1.01","27.00","1.08","8.00","1.32","3.40","1.95","1.91","2.96","1.40","1.77","2.05"
"75493","21-12-25 18:00","Turkey","Super Lig","2025/2026","Goztepe","Samsunspor","2.26","3.00","3.92","1.13","6.00","1.58","2.38","2.78","1.45","5.63","1.14","11.00","1.04","2.25","1.65"
"75494","21-12-25 12:30","Turkey","Super Lig","2025/2026","Alanyaspor","Karagumruk","1.78","3.62","5.18","1.06","9.00","1.32","3.40","2.19","1.73","3.64","1.29","6.97","1.10","1.90","1.90"
"75456","20-12-25 18:00","Turkey","Super Lig","2025/2026","Besiktas","Rizespor","1.83","4.04","4.25","1.01","15.50","1.16","5.26","1.53","2.50","2.29","1.63","4.06","1.24","1.48","2.66"
"75457","20-12-25 15:00","Turkey","Super Lig","2025/2026","Eyupspor","Fenerbahce","6.76","4.88","1.48","1.01","14.60","1.19","4.74","1.61","2.32","2.47","1.54","4.61","1.20","1.81","2.01"
"75458","20-12-25 12:30","Turkey","Super Lig","2025/2026","Konyaspor","Kayserispor","2.08","3.65","3.63","1.03","13.00","1.22","4.33","1.74","2.10","2.78","1.45","5.11","1.17","1.62","2.31"
"75377","19-12-25 18:00","Turkey","Super Lig","2025/2026","Kocaelispor","Antalyaspor","1.74","3.70","5.38","1.08","8.00","1.45","2.75","2.41","1.57","4.56","1.20","9.01","1.06","2.14","1.71"
"75360","15-12-25 18:00","Turkey","Super Lig","2025/2026","Fenerbahce","Konyaspor","1.24","7.48","11.30","1.02","20.00","1.16","5.32","1.48","2.66","2.27","1.64","3.73","1.28","1.95","1.85"
"75345","14-12-25 18:00","Turkey","Super Lig","2025/2026","Samsunspor","Basaksehir","2.12","3.61","3.54","1.03","13.00","1.25","4.00","1.95","1.91","3.13","1.37","6.11","1.13","1.70","2.15"
"75346","14-12-25 18:00","Turkey","Super Lig","2025/2026","Trabzonspor","Besiktas","2.74","3.50","2.63","1.02","13.70","1.20","4.56","1.66","2.21","2.65","1.49","4.87","1.18","1.56","2.43"
"75347","14-12-25 15:00","Turkey","Super Lig","2025/2026","Karagumruk","Kocaelispor","3.91","3.13","2.19","1.10","7.00","1.49","2.63","2.50","1.54","4.84","1.18","9.97","1.05","2.05","1.77"
"75348","14-12-25 12:30","Turkey","Super Lig","2025/2026","Gaziantep","Goztepe","3.70","3.37","2.16","1.06","9.00","1.32","3.40","2.08","1.80","3.53","1.30","6.97","1.10","1.70","2.16"
"75304","13-12-25 18:00","Turkey","Super Lig","2025/2026","Antalyaspor","Galatasaray","7.75","5.52","1.39","1.02","19.00","1.15","5.50","1.53","2.50","2.41","1.57","3.96","1.25","1.77","2.05"
"75305","13-12-25 15:00","Turkey","Super Lig","2025/2026","Kayserispor","Alanyaspor","2.94","3.41","2.52","1.05","10.00","1.32","3.40","2.19","1.73","3.64","1.29","6.97","1.10","1.85","1.96"
"75306","13-12-25 12:30","Turkey","Super Lig","2025/2026","Rizespor","Eyupspor","1.83","3.84","4.48","1.03","13.00","1.25","4.00","1.86","2.00","2.96","1.40","5.63","1.14","1.64","2.26"
"75217","12-12-25 18:00","Turkey","Super Lig","2025/2026","Kasimpasa","Genclerbirligi","2.70","3.42","2.72","1.05","10.00","1.30","3.50","2.04","1.83","3.30","1.34","6.55","1.11","1.77","2.05"
"75149","08-12-25 18:00","Turkey","Super Lig","2025/2026","Alanyaspor","Antalyaspor","1.76","3.73","5.18","1.05","10.00","1.30","3.50","2.08","1.80","3.53","1.30","6.97","1.10","1.90","1.90"
"75150","08-12-25 18:00","Turkey","Super Lig","2025/2026","Besiktas","Gaziantep","1.42","5.52","7.01","1.02","19.00","1.13","6.00","1.49","2.63","2.21","1.67","3.64","1.29","1.64","2.26"
"75128","07-12-25 18:00","Turkey","Super Lig","2025/2026","Goztepe","Trabzonspor","2.19","3.42","3.55","1.05","10.00","1.32","3.40","2.08","1.80","3.53","1.30","6.97","1.10","1.77","2.06"
"75129","07-12-25 15:00","Turkey","Super Lig","2025/2026","Kocaelispor","Kasimpasa","1.73","3.87","5.16","1.06","9.00","1.34","3.25","2.19","1.73","3.96","1.25","7.73","1.09","1.95","1.85"
"75130","07-12-25 12:30","Turkey","Super Lig","2025/2026","Genclerbirligi","Karagumruk","2.05","3.50","3.89","1.05","10.00","1.30","3.50","2.08","1.80","3.53","1.30","6.97","1.10","1.77","2.05"
"75075","06-12-25 18:00","Turkey","Super Lig","2025/2026","Basaksehir","Fenerbahce","4.22","3.70","1.91","1.03","13.00","1.25","4.00","1.78","2.10","2.78","1.45","5.11","1.17","1.59","2.36"
"75076","06-12-25 15:00","Turkey","Super Lig","2025/2026","Konyaspor","Rizespor","3.01","3.37","2.49","1.04","11.00","1.27","3.75","2.04","1.83","3.30","1.34","6.55","1.11","1.64","2.26"
"75077","06-12-25 12:30","Turkey","Super Lig","2025/2026","Eyupspor","Kayserispor","2.01","3.61","3.91","1.04","11.60","1.25","3.95","1.86","2.01","2.98","1.39","5.82","1.14","1.64","2.26"
"75008","05-12-25 18:00","Turkey","Super Lig","2025/2026","Galatasaray","Samsunspor","1.48","4.65","7.07","1.03","18.00","1.14","5.85","1.48","2.66","2.18","1.69","3.73","1.28","1.59","2.36"
"74949","01-12-25 18:00","Turkey","Super Lig","2025/2026","Fenerbahce","Galatasaray","2.43","3.61","2.92","1.03","13.00","1.22","4.33","1.74","2.10","2.78","1.45","4.84","1.18","1.51","2.55"
"74950","01-12-25 18:00","Turkey","Super Lig","2025/2026","Samsunspor","Alanyaspor","1.78","3.62","5.18","1.05","10.00","1.30","3.50","2.04","1.83","3.30","1.34","6.55","1.11","1.77","2.06"
"74940","30-11-25 18:00","Turkey","Super Lig","2025/2026","Karagumruk","Besiktas","4.96","4.08","1.71","1.01","16.00","1.19","4.74","1.58","2.37","2.47","1.54","4.34","1.22","1.62","2.30"
"74941","30-11-25 15:00","Turkey","Super Lig","2025/2026","Antalyaspor","Goztepe","4.40","3.45","1.95","1.06","9.00","1.39","3.00","2.29","1.67","3.96","1.25","8.41","1.07","1.86","1.94"
"74886","29-11-25 18:00","Turkey","Super Lig","2025/2026","Kasimpasa","Basaksehir","3.34","3.57","2.22","1.04","11.00","1.27","3.75","1.95","1.91","3.13","1.37","6.11","1.13","1.70","2.15"
"74887","29-11-25 18:00","Turkey","Super Lig","2025/2026","Trabzonspor","Konyaspor","1.59","4.26","6.01","1.02","15.00","1.21","4.50","1.67","2.20","2.59","1.50","4.56","1.20","1.70","2.15"
"74888","29-11-25 15:00","Turkey","Super Lig","2025/2026","Gaziantep","Eyupspor","2.02","3.67","3.82","1.02","13.50","1.21","4.43","1.70","2.16","2.59","1.50","4.94","1.18","1.62","2.30"
"74889","29-11-25 12:30","Turkey","Super Lig","2025/2026","Rizespor","Kayserispor","1.87","4.04","4.03","1.02","15.00","1.17","5.00","1.65","2.25","2.50","1.54","4.27","1.22","1.51","2.55"
"74797","28-11-25 18:00","Turkey","Super Lig","2025/2026","Kocaelispor","Genclerbirligi","1.76","3.84","4.94","1.06","9.00","1.32","3.40","2.19","1.73","3.64","1.29","6.97","1.10","1.86","1.94"
"74737","24-11-25 18:00","Turkey","Super Lig","2025/2026","Basaksehir","Trabzonspor","2.49","3.50","2.92","1.04","11.00","1.27","3.75","1.95","1.91","3.13","1.37","5.63","1.14","1.59","2.36"
"74738","24-11-25 18:00","Turkey","Super Lig","2025/2026","Konyaspor","Antalyaspor","1.73","3.84","5.19","1.03","13.00","1.25","4.00","1.86","2.00","2.96","1.40","5.63","1.14","1.70","2.16"
"74721","23-11-25 18:00","Turkey","Super Lig","2025/2026","Rizespor","Fenerbahce","5.71","4.03","1.65","1.02","14.80","1.19","4.74","1.61","2.32","2.47","1.54","4.61","1.20","1.64","2.26"
"74722","23-11-25 15:00","Turkey","Super Lig","2025/2026","Alanyaspor","Kasimpasa","1.91","3.70","4.22","1.04","11.00","1.30","3.50","2.04","1.83","3.30","1.34","6.55","1.11","1.77","2.06"
"74723","23-11-25 15:00","Turkey","Super Lig","2025/2026","Besiktas","Samsunspor","1.93","3.72","4.13","1.03","13.00","1.25","4.00","1.78","2.10","2.78","1.45","5.11","1.17","1.65","2.25"
"74724","23-11-25 12:30","Turkey","Super Lig","2025/2026","Goztepe","Kocaelispor","2.04","3.26","4.29","1.09","7.37","1.42","2.90","2.29","1.63","4.34","1.22","8.58","1.07","1.95","1.85"
"74673","22-11-25 18:00","Turkey","Super Lig","2025/2026","Galatasaray","Genclerbirligi","1.22","7.10","14.90","1.02","15.00","1.17","5.00","1.58","2.38","2.50","1.54","4.27","1.22","2.20","1.67"
"74674","22-11-25 15:00","Turkey","Super Lig","2025/2026","Eyupspor","Karagumruk","2.11","3.69","3.51","1.04","11.00","1.27","3.75","2.04","1.83","3.30","1.34","6.11","1.13","1.77","2.05"
"74675","22-11-25 12:30","Turkey","Super Lig","2025/2026","Kayserispor","Gaziantep","","","","","","","","","","","","","","",""
"74514","09-11-25 18:00","Turkey","Super Lig","2025/2026","Fenerbahce","Kayserispor","1.18","8.47","15.50","1.01","27.00","1.11","6.50","1.39","3.00","2.08","1.80","3.30","1.34","1.90","1.90"
"74515","09-11-25 18:00","Turkey","Super Lig","2025/2026","Samsunspor","Eyupspor","1.70","4.08","5.01","1.03","13.00","1.25","4.00","1.86","2.00","2.96","1.40","5.63","1.14","1.77","2.05"
"74516","09-11-25 15:00","Turkey","Super Lig","2025/2026","Kocaelispor","Galatasaray","7.15","4.65","1.48","1.02","13.70","1.20","4.56","1.66","2.21","2.65","1.49","4.87","1.18","1.81","2.00"
"74517","09-11-25 12:30","Turkey","Super Lig","2025/2026","Karagumruk","Konyaspor","2.74","3.55","2.61","1.03","13.00","1.25","4.00","1.86","2.00","2.96","1.40","5.63","1.14","1.65","2.25"
"74451","08-11-25 18:00","Turkey","Super Lig","2025/2026","Antalyaspor","Besiktas","4.49","4.35","1.73","1.02","15.00","1.21","4.50","1.67","2.20","2.59","1.50","4.84","1.18","1.59","2.36"
"74452","08-11-25 18:00","Turkey","Super Lig","2025/2026","Kasimpasa","Goztepe","3.92","3.21","2.16","1.06","9.00","1.34","3.25","2.19","1.73","3.96","1.25","7.73","1.09","1.81","2.00"
"74453","08-11-25 15:00","Turkey","Super Lig","2025/2026","Trabzonspor","Alanyaspor","1.71","4.08","4.96","1.03","13.00","1.25","4.00","1.78","2.10","2.96","1.40","5.11","1.17","1.77","2.05"
"74454","08-11-25 12:30","Turkey","Super Lig","2025/2026","Gaziantep","Rizespor","","","","","","","","","","","","","","",""
"74359","07-11-25 18:00","Turkey","Super Lig","2025/2026","Genclerbirligi","Basaksehir","3.39","3.53","2.21","1.05","10.50","1.28","3.68","1.94","1.92","3.15","1.36","6.24","1.12","1.70","2.16"
"74290","03-11-25 18:00","Turkey","Super Lig","2025/2026","Alanyaspor","Gaziantep","2.24","3.56","3.31","1.02","11.40","1.25","3.30","1.96","1.93","3.13","1.28","6.00","1.07","1.71","2.02"
"74291","03-11-25 18:00","Turkey","Super Lig","2025/2026","Eyupspor","Antalyaspor","1.76","4.04","4.66","1.05","10.50","1.26","3.81","1.96","1.90","3.11","1.37","5.92","1.13","1.70","2.16"
"74292","03-11-25 18:00","Turkey","Super Lig","2025/2026","Rizespor","Karagumruk","1.76","3.85","4.92","1.03","13.00","1.25","4.00","1.86","2.00","2.96","1.40","5.63","1.14","1.70","2.16"
"74277","02-11-25 18:00","Turkey","Super Lig","2025/2026","Besiktas","Fenerbahce","3.45","3.68","2.13","1.03","13.00","1.22","4.33","1.74","2.10","2.78","1.45","5.11","1.17","1.56","2.43"
"74278","02-11-25 15:00","Turkey","Super Lig","2025/2026","Kayserispor","Kasimpasa","2.05","3.70","3.68","1.03","13.00","1.25","4.00","1.86","2.00","2.96","1.40","5.63","1.14","1.70","2.15"
"74279","02-11-25 12:30","Turkey","Super Lig","2025/2026","Konyaspor","Samsunspor","2.71","3.30","2.78","1.05","10.00","1.30","3.50","2.08","1.80","3.53","1.30","6.55","1.11","1.70","2.16"
"74224","01-11-25 18:00","Turkey","Super Lig","2025/2026","Galatasaray","Trabzonspor","1.43","5.26","7.02","1.02","22.00","1.13","6.00","1.45","2.75","2.19","1.73","3.53","1.30","1.65","2.25"
"74225","01-11-25 15:00","Turkey","Super Lig","2025/2026","Goztepe","Genclerbirligi","1.51","4.22","7.59","1.05","10.00","1.32","3.40","2.08","1.80","3.53","1.30","6.55","1.11","2.05","1.78"
"74152","31-10-25 18:00","Turkey","Super Lig","2025/2026","Basaksehir","Kocaelispor","2.06","3.52","3.82","1.02","10.60","1.29","3.62","2.06","1.82","3.43","1.31","6.57","1.11","1.81","2.00"
"70025","27-10-25 18:00","Turkey","Super Lig","2025/2026","Gaziantep","Fenerbahce","5.36","4.07","1.67","1.02","13.70","1.23","4.21","1.78","2.10","2.82","1.43","4.87","1.18","1.70","2.16"
"70026","27-10-25 18:00","Turkey","Super Lig","2025/2026","Samsunspor","Rizespor","1.88","3.63","4.48","1.03","13.00","1.27","3.75","1.95","1.91","3.13","1.37","5.63","1.14","1.70","2.16"
"69176","26-10-25 18:00","Turkey","Super Lig","2025/2026","Kasimpasa","Besiktas","5.15","4.18","1.68","1.05","10.60","1.22","4.35","1.67","2.20","2.57","1.51","4.35","1.22","1.65","2.24"
"69177","26-10-25 15:00","Turkey","Super Lig","2025/2026","Galatasaray","Goztepe","1.42","5.26","7.27","1.01","17.50","1.17","5.00","1.58","2.38","2.50","1.54","4.27","1.22","1.77","2.06"
"69178","26-10-25 15:00","Turkey","Super Lig","2025/2026","Genclerbirligi","Konyaspor","3.09","3.30","2.48","1.06","9.00","1.34","3.25","2.29","1.67","3.96","1.25","7.73","1.09","1.90","1.90"
"69179","26-10-25 12:30","Turkey","Super Lig","2025/2026","Antalyaspor","Basaksehir","4.47","3.72","1.86","1.06","9.52","1.34","3.24","2.19","1.73","3.83","1.26","7.33","1.09","1.81","2.00"
"67690","25-10-25 19:00","Turkey","Super Lig","2025/2026","Trabzonspor","Eyupspor","1.65","4.51","4.93","1.02","15.00","1.22","4.33","1.74","2.10","2.78","1.45","5.11","1.17","1.77","2.05"
"67691","25-10-25 16:00","Turkey","Super Lig","2025/2026","Kocaelispor","Alanyaspor","2.42","3.19","3.29","1.06","9.00","1.34","3.25","2.19","1.73","3.96","1.25","7.73","1.09","1.77","2.06"
"67364","24-10-25 19:00","Turkey","Super Lig","2025/2026","Karagumruk","Kayserispor","2.22","3.72","3.21","1.02","13.80","1.23","4.25","1.77","2.13","2.79","1.44","5.31","1.16","1.59","2.36"
"67341","22-10-25 19:00","Turkey","Super Lig","2025/2026","Konyaspor","Besiktas","3.16","3.62","2.29","1.03","13.00","1.25","4.00","1.86","2.00","2.96","1.40","5.11","1.17","1.65","2.25"
"67342","22-10-25 19:00","Turkey","Super Lig","2025/2026","Rizespor","Basaksehir","2.43","3.51","2.99","1.04","11.00","1.27","3.75","2.04","1.83","3.30","1.34","6.11","1.13","1.70","2.15"
"67305","20-10-25 19:00","Turkey","Super Lig","2025/2026","Eyupspor","Kasimpasa","2.75","3.30","2.75","1.06","9.00","1.34","3.25","2.29","1.67","3.96","1.25","7.73","1.09","1.90","1.90"
"67244","19-10-25 19:00","Turkey","Super Lig","2025/2026","Fenerbahce","Karagumruk","1.25","7.20","11.30","1.02","22.00","1.15","5.50","1.53","2.50","2.31","1.62","3.96","1.25","1.96","1.85"
"67245","19-10-25 16:00","Turkey","Super Lig","2025/2026","Alanyaspor","Goztepe","2.74","3.14","2.88","1.08","8.00","1.39","3.00","2.40","1.62","4.27","1.22","8.41","1.07","1.81","2.00"
"67246","19-10-25 16:00","Turkey","Super Lig","2025/2026","Gaziantep","Antalyaspor","1.82","3.61","4.89","1.04","11.00","1.27","3.75","1.95","1.91","3.13","1.37","6.11","1.13","1.77","2.05"
"67247","19-10-25 13:30","Turkey","Super Lig","2025/2026","Kayserispor","Samsunspor","3.08","3.45","2.41","1.04","11.00","1.27","3.75","2.04","1.83","3.13","1.37","6.11","1.13","1.70","2.15"
"67201","18-10-25 19:00","Turkey","Super Lig","2025/2026","Basaksehir","Galatasaray","4.63","4.71","1.66","1.03","17.00","1.15","5.50","1.49","2.63","2.31","1.62","3.96","1.25","1.51","2.55"
"67202","18-10-25 16:00","Turkey","Super Lig","2025/2026","Besiktas","Genclerbirligi","1.24","6.51","14.30","1.02","20.00","1.15","5.50","1.53","2.50","2.31","1.62","3.96","1.25","2.05","1.77"
"67203","18-10-25 16:00","Turkey","Super Lig","2025/2026","Rizespor","Trabzonspor","3.22","3.43","2.34","1.05","10.00","1.30","3.50","2.04","1.83","3.30","1.34","6.55","1.11","1.77","2.05"
"67204","18-10-25 13:30","Turkey","Super Lig","2025/2026","Konyaspor","Kocaelispor","1.79","3.91","4.61","1.04","11.00","1.30","3.50","2.04","1.83","3.53","1.30","6.55","1.11","1.90","1.90"
"65635","05-10-25 19:00","Turkey","Super Lig","2025/2026","Goztepe","Basaksehir","1.85","3.66","4.63","1.05","10.00","1.30","3.50","2.04","1.83","3.30","1.34","6.55","1.11","1.77","2.06"
"65636","05-10-25 19:00","Turkey","Super Lig","2025/2026","Samsunspor","Fenerbahce","4.61","3.91","1.79","1.04","11.00","1.27","3.75","1.95","1.91","3.13","1.37","5.63","1.14","1.70","2.16"
"65637","05-10-25 16:00","Turkey","Super Lig","2025/2026","Karagumruk","Gaziantep","3.36","3.29","2.33","1.04","11.00","1.27","3.75","2.04","1.83","3.30","1.34","6.55","1.11","1.70","2.15"
"65638","05-10-25 13:30","Turkey","Super Lig","2025/2026","Kasimpasa","Konyaspor","3.00","3.42","2.48","1.05","10.60","1.28","3.72","1.92","1.94","3.33","1.33","6.18","1.12","1.70","2.16"
"65580","04-10-25 19:00","Turkey","Super Lig","2025/2026","Galatasaray","Besiktas","1.77","4.19","4.43","1.02","20.00","1.13","6.00","1.45","2.75","2.19","1.73","3.53","1.30","1.48","2.68"
"65581","04-10-25 16:00","Turkey","Super Lig","2025/2026","Kocaelispor","Eyupspor","2.22","3.50","3.40","1.06","9.00","1.32","3.40","2.19","1.73","3.64","1.29","6.97","1.10","1.85","1.96"
"65582","04-10-25 13:30","Turkey","Super Lig","2025/2026","Genclerbirligi","Alanyaspor","3.47","3.50","2.19","1.05","10.00","1.34","3.25","2.19","1.73","3.64","1.29","6.97","1.10","1.77","2.06"
"65498","03-10-25 19:00","Turkey","Super Lig","2025/2026","Antalyaspor","Rizespor","2.59","3.37","2.86","1.06","9.47","1.36","3.16","2.18","1.73","3.77","1.27","8.01","1.08","1.81","2.00"
"65499","03-10-25 19:00","Turkey","Super Lig","2025/2026","Trabzonspor","Kayserispor","1.42","5.01","7.92","1.01","16.50","1.17","5.00","1.58","2.38","2.50","1.54","4.27","1.22","1.85","1.96"
"65441","29-09-25 19:00","Turkey","Super Lig","2025/2026","Besiktas","Kocaelispor","1.40","5.39","7.64","1.01","18.50","1.14","5.85","1.48","2.66","2.18","1.69","3.73","1.28","1.73","2.11"
"65417","28-09-25 19:00","Turkey","Super Lig","2025/2026","Fenerbahce","Antalyaspor","1.27","6.37","11.80","1.03","15.00","1.16","5.26","1.49","2.63","2.29","1.63","4.06","1.24","2.05","1.78"
"65418","28-09-25 19:00","Turkey","Super Lig","2025/2026","Kayserispor","Genclerbirligi","2.17","3.45","3.57","1.04","11.00","1.27","3.75","2.04","1.83","3.13","1.37","6.11","1.13","1.70","2.15"
"65419","28-09-25 16:00","Turkey","Super Lig","2025/2026","Konyaspor","Basaksehir","2.29","3.40","3.34","1.05","10.00","1.30","3.50","2.04","1.83","3.30","1.34","6.55","1.11","1.77","2.05"
"65420","28-09-25 16:00","Turkey","Super Lig","2025/2026","Rizespor","Kasimpasa","2.03","3.66","3.76","1.05","10.00","1.32","3.40","2.08","1.80","3.53","1.30","6.97","1.10","1.85","1.96"
"65371","27-09-25 19:00","Turkey","Super Lig","2025/2026","Karagumruk","Trabzonspor","3.71","3.62","2.06","1.04","11.00","1.27","3.75","2.04","1.83","3.30","1.34","6.11","1.13","1.77","2.05"
"65372","27-09-25 16:00","Turkey","Super Lig","2025/2026","Eyupspor","Goztepe","3.29","3.29","2.37","1.06","9.00","1.39","3.00","2.29","1.67","3.96","1.25","8.41","1.07","1.90","1.90"
"65373","27-09-25 16:00","Turkey","Super Lig","2025/2026","Gaziantep","Samsunspor","2.68","3.30","2.83","1.06","9.00","1.34","3.25","2.19","1.73","3.96","1.25","7.73","1.09","1.77","2.06"
"65285","26-09-25 19:00","Turkey","Super Lig","2025/2026","Alanyaspor","Galatasaray","7.15","4.65","1.48","1.01","17.50","1.16","5.26","1.53","2.50","2.29","1.63","4.06","1.24","1.64","2.26"
"65263","24-09-25 19:00","Turkey","Super Lig","2025/2026","Kayserispor","Besiktas","5.65","4.23","1.62","1.02","15.00","1.21","4.50","1.67","2.20","2.59","1.50","4.56","1.20","1.64","2.26"
"65242","22-09-25 19:00","Turkey","Super Lig","2025/2026","Galatasaray","Konyaspor","1.22","7.96","12.30","1.01","26.00","1.10","7.00","1.34","3.25","2.04","1.83","2.96","1.40","1.70","2.16"
"65221","21-09-25 19:00","Turkey","Super Lig","2025/2026","Kasimpasa","Fenerbahce","9.91","5.32","1.35","1.02","13.70","1.18","4.89","1.60","2.34","2.42","1.57","4.15","1.23","1.84","1.97"
"65222","21-09-25 19:00","Turkey","Super Lig","2025/2026","Samsunspor","Karagumruk","1.82","3.73","4.70","1.05","9.99","1.29","3.66","1.93","1.93","3.10","1.37","5.91","1.13","1.77","2.06"
"65223","21-09-25 16:00","Turkey","Super Lig","2025/2026","Basaksehir","Alanyaspor","1.86","3.81","4.33","1.05","10.00","1.32","3.40","2.08","1.80","3.64","1.29","6.97","1.10","1.81","2.00"
"65224","21-09-25 16:00","Turkey","Super Lig","2025/2026","Kocaelispor","Rizespor","3.00","3.41","2.48","1.05","10.00","1.30","3.50","2.04","1.83","3.30","1.34","6.55","1.11","1.77","2.05"
"65172","20-09-25 19:00","Turkey","Super Lig","2025/2026","Antalyaspor","Kayserispor","2.42","3.39","3.11","1.04","11.00","1.27","3.75","1.95","1.91","3.13","1.37","6.11","1.13","1.70","2.15"
"65173","20-09-25 19:00","Turkey","Super Lig","2025/2026","Trabzonspor","Gaziantep","1.76","3.85","4.92","1.03","13.00","1.25","4.00","1.86","2.00","2.96","1.40","5.63","1.14","1.77","2.05"
"65174","20-09-25 16:00","Turkey","Super Lig","2025/2026","Genclerbirligi","Eyupspor","2.58","3.57","2.75","1.05","10.00","1.32","3.40","2.08","1.80","3.53","1.30","6.97","1.10","1.85","1.96"
"65088","19-09-25 19:00","Turkey","Super Lig","2025/2026","Goztepe","Besiktas","2.51","3.66","2.79","1.03","13.00","1.25","4.00","1.86","2.00","2.96","1.40","5.63","1.14","1.59","2.36"
"65063","17-09-25 19:00","Turkey","Super Lig","2025/2026","Fenerbahce","Alanyaspor","1.27","5.92","11.90","1.02","15.00","1.21","4.50","1.65","2.25","2.59","1.50","4.56","1.20","2.25","1.65"
"65064","17-09-25 19:00","Turkey","Super Lig","2025/2026","Karagumruk","Basaksehir","3.43","3.60","2.12","1.04","11.00","1.32","3.40","2.08","1.80","3.53","1.30","6.97","1.10","1.81","2.00"
"65065","17-09-25 19:00","Turkey","Super Lig","2025/2026","Samsunspor","Kasimpasa","1.79","3.78","4.60","1.04","11.00","1.30","3.50","2.04","1.83","3.30","1.34","6.55","1.11","1.77","2.06"
"65059","15-09-25 19:00","Turkey","Super Lig","2025/2026","Rizespor","Genclerbirligi","1.59","3.89","6.46","1.04","11.00","1.25","4.00","1.86","2.00","2.96","1.40","5.63","1.14","1.77","2.06"
"65035","14-09-25 18:00","Turkey","Super Lig","2025/2026","Fenerbahce","Trabzonspor","1.41","5.07","7.48","1.02","15.00","1.25","4.00","1.78","2.10","2.96","1.40","5.11","1.17","1.95","1.85"
"65036","14-09-25 18:00","Turkey","Super Lig","2025/2026","Gaziantep","Kocaelispor","2.29","3.23","3.40","1.04","11.00","1.27","3.75","2.04","1.83","3.30","1.34","6.55","1.11","1.70","2.15"
"65037","14-09-25 16:00","Turkey","Super Lig","2025/2026","Kayserispor","Goztepe","3.78","3.49","2.04","1.04","11.00","1.25","4.00","1.86","2.00","2.96","1.40","5.63","1.14","1.65","2.25"
"64987","13-09-25 19:00","Turkey","Super Lig","2025/2026","Besiktas","Basaksehir","1.71","4.04","4.78","1.02","15.00","1.22","4.33","1.67","2.20","2.59","1.50","4.84","1.18","1.59","2.36"
"64988","13-09-25 19:00","Turkey","Super Lig","2025/2026","Konyaspor","Alanyaspor","2.04","3.57","3.67","1.05","10.00","1.32","3.40","2.08","1.80","3.53","1.30","6.97","1.10","1.85","1.96"
"64989","13-09-25 16:00","Turkey","Super Lig","2025/2026","Eyupspor","Galatasaray","10.50","5.27","1.32","1.02","21.00","1.12","6.32","1.42","2.90","2.09","1.80","3.36","1.33","1.74","2.10"
"64990","13-09-25 16:00","Turkey","Super Lig","2025/2026","Karagumruk","Kasimpasa","3.26","3.26","2.34","1.07","8.42","1.36","3.16","2.18","1.73","4.06","1.24","8.01","1.08","1.86","1.95"
"64991","13-09-25 16:00","Turkey","Super Lig","2025/2026","Samsunspor","Antalyaspor","1.66","3.73","5.80","1.08","8.00","1.39","3.00","2.29","1.67","3.96","1.25","7.73","1.09","2.15","1.70"
"64800","31-08-25 20:30","Turkey","Super Lig","2025/2026","Alanyaspor","Besiktas","3.94","3.74","1.92","1.03","13.00","1.27","3.75","1.95","1.91","3.13","1.37","6.11","1.13","1.77","2.05"
"64801","31-08-25 20:30","Turkey","Super Lig","2025/2026","Trabzonspor","Samsunspor","1.74","3.84","4.80","1.05","10.00","1.32","3.40","2.08","1.80","3.64","1.29","6.97","1.10","1.86","1.94"
"64802","31-08-25 18:00","Turkey","Super Lig","2025/2026","Basaksehir","Eyupspor","1.95","3.80","3.78","1.03","13.00","1.27","3.75","1.86","2.00","3.13","1.37","5.63","1.14","1.70","2.15"
"64803","31-08-25 18:00","Turkey","Super Lig","2025/2026","Genclerbirligi","Fenerbahce","6.72","4.29","1.52","1.04","11.00","1.27","3.75","1.86","2.00","3.13","1.37","5.63","1.14","1.90","1.90"
"64751","30-08-25 20:30","Turkey","Super Lig","2025/2026","Antalyaspor","Karagumruk","1.80","3.58","4.87","1.08","8.00","1.39","3.00","2.29","1.67","3.96","1.25","8.41","1.07","2.05","1.77"
"64752","30-08-25 20:30","Turkey","Super Lig","2025/2026","Galatasaray","Rizespor","1.21","7.56","12.70","1.01","29.00","1.08","8.00","1.32","3.40","1.95","1.91","2.96","1.40","1.85","1.96"
"64753","30-08-25 18:00","Turkey","Super Lig","2025/2026","Kasimpasa","Gaziantep","2.25","3.68","3.07","1.04","11.00","1.30","3.50","2.04","1.83","3.30","1.34","6.11","1.13","1.70","2.16"
"64754","30-08-25 18:00","Turkey","Super Lig","2025/2026","Kocaelispor","Kayserispor","2.01","3.50","3.90","1.04","11.00","1.27","3.75","2.04","1.83","3.30","1.34","6.11","1.13","1.77","2.05"
"64669","29-08-25 20:30","Turkey","Super Lig","2025/2026","Goztepe","Konyaspor","1.75","3.65","4.82","1.05","10.00","1.30","3.50","2.04","1.83","3.53","1.30","6.55","1.11","1.90","1.90"
"64642","25-08-25 18:00","Turkey","Super Lig","2025/2026","Eyupspor","Alanyaspor","1.92","3.44","4.15","1.05","10.00","1.30","3.50","2.04","1.83","3.30","1.34","6.55","1.11","1.70","2.16"
"64616","24-08-25 20:30","Turkey","Super Lig","2025/2026","Kayserispor","Galatasaray","6.36","5.49","1.40","1.02","22.00","1.13","6.00","1.45","2.75","2.19","1.73","3.53","1.30","1.59","2.36"
"64617","24-08-25 18:00","Turkey","Super Lig","2025/2026","Trabzonspor","Antalyaspor","1.53","4.10","6.57","1.04","11.00","1.30","3.50","2.04","1.83","3.30","1.34","6.55","1.11","1.95","1.85"
"64574","23-08-25 20:30","Turkey","Super Lig","2025/2026","Fenerbahce","Kocaelispor","1.29","5.99","9.17","1.03","19.00","1.15","5.50","1.53","2.50","2.41","1.57","3.96","1.25","1.96","1.85"
"64575","23-08-25 20:30","Turkey","Super Lig","2025/2026","Gaziantep","Genclerbirligi","2.32","3.27","3.17","1.06","9.00","1.32","3.40","2.19","1.73","3.64","1.29","6.97","1.10","1.85","1.96"
"64494","22-08-25 20:30","Turkey","Super Lig","2025/2026","Karagumruk","Goztepe","4.51","3.66","1.79","1.06","9.00","1.34","3.25","2.19","1.73","3.64","1.29","6.97","1.10","1.86","1.94"
"64450","18-08-25 20:30","Turkey","Super Lig","2025/2026","Kasimpasa","Trabzonspor","3.22","3.46","2.21","1.03","13.00","1.25","4.00","1.86","2.00","2.96","1.40","5.63","1.14","1.59","2.36"
"64426","17-08-25 20:30","Turkey","Super Lig","2025/2026","Basaksehir","Kayserispor","1.79","3.76","4.39","1.02","13.70","1.25","3.95","1.86","2.01","2.98","1.39","5.36","1.16","1.74","2.10"
"64427","17-08-25 20:30","Turkey","Super Lig","2025/2026","Besiktas","Eyupspor","1.50","4.86","5.65","1.01","18.50","1.16","5.26","1.53","2.50","2.29","1.63","4.06","1.24","1.67","2.20"
"64428","17-08-25 18:00","Turkey","Super Lig","2025/2026","Genclerbirligi","Antalyaspor","2.60","3.16","2.85","1.06","9.00","1.39","3.00","2.29","1.67","4.27","1.22","8.41","1.07","1.90","1.90"
"64429","17-08-25 18:00","Turkey","Super Lig","2025/2026","Konyaspor","Gaziantep","1.89","3.46","4.28","1.04","11.60","1.25","3.95","1.94","1.92","2.98","1.39","5.82","1.14","1.70","2.16"
"64393","16-08-25 20:30","Turkey","Super Lig","2025/2026","Alanyaspor","Rizespor","2.30","3.54","2.98","1.04","11.00","1.27","3.75","1.95","1.91","3.13","1.37","6.11","1.13","1.70","2.15"
"64394","16-08-25 20:30","Turkey","Super Lig","2025/2026","Goztepe","Fenerbahce","4.40","3.37","1.90","1.06","9.57","1.29","3.62","2.06","1.82","3.43","1.31","6.57","1.11","1.81","2.00"
"64395","16-08-25 18:00","Turkey","Super Lig","2025/2026","Kocaelispor","Samsunspor","2.71","3.34","2.61","1.06","9.00","1.34","3.25","2.19","1.73","3.96","1.25","7.73","1.09","1.81","2.00"
"64296","11-08-25 20:30","Turkey","Super Lig","2025/2026","Trabzonspor","Kocaelispor","1.55","4.36","5.60","1.02","14.80","1.23","4.25","1.70","2.23","2.79","1.44","4.82","1.18","1.81","2.00"
"64271","10-08-25 20:30","Turkey","Super Lig","2025/2026","Eyupspor","Konyaspor","2.36","3.32","3.06","1.06","9.00","1.39","3.00","2.29","1.67","4.27","1.22","8.41","1.07","1.81","2.00"
"64272","10-08-25 18:00","Turkey","Super Lig","2025/2026","Rizespor","Goztepe","2.09","3.65","3.34","1.03","13.00","1.27","3.75","1.86","2.00","3.13","1.37","5.63","1.14","1.64","2.26"
"62705","09-08-25 20:30","Turkey","Super Lig","2025/2026","Antalyaspor","Kasimpasa","2.36","3.35","3.03","1.05","10.00","1.32","3.40","2.08","1.80","3.53","1.30","6.97","1.10","1.70","2.16"
"62706","09-08-25 18:00","Turkey","Super Lig","2025/2026","Samsunspor","Genclerbirligi","1.75","3.96","4.39","1.04","11.00","1.30","3.50","2.04","1.83","3.53","1.30","6.55","1.11","1.81","2.00"
"60755","08-08-25 20:30","Turkey","Super Lig","2025/2026","Gaziantep","Galatasaray","7.02","4.80","1.43","1.01","17.50","1.15","5.50","1.53","2.50","2.41","1.57","3.96","1.25","1.64","2.26"