"id","matchDate","Country","League","Season","homeTeam","awayTeam","FTHG","FTAG","FTR","1HHG","1HAG","1HR","2HHG","2HAG","2HR"
"85220","25-01-26 20:45","France","Ligue 1","2025/2026","Lille","Strasbourg","1","4","A","0","2","A","1","2","A"
"85208","25-01-26 17:15","France","Ligue 1","2025/2026","Brest","Toulouse","0","2","A","0","2","A","0","0","D"
"85209","25-01-26 17:15","France","Ligue 1","2025/2026","Metz","Lyon","2","5","A","1","4","A","1","1","D"
"85210","25-01-26 17:15","France","Ligue 1","2025/2026","Paris FC","Angers","0","0","D","0","0","D","0","0","D"
"85194","25-01-26 15:00","France","Ligue 1","2025/2026","Nantes","Nice","1","4","A","1","3","A","0","1","A"
"84324","24-01-26 21:05","France","Ligue 1","2025/2026","Marseille","Lens","3","1","H","2","0","H","1","1","D"
"84314","24-01-26 19:00","France","Ligue 1","2025/2026","Le Havre","Monaco","0","0","D","0","0","D","0","0","D"
"84304","24-01-26 17:00","France","Ligue 1","2025/2026","Rennes","Lorient","0","2","A","0","1","A","0","1","A"
"83917","23-01-26 20:00","France","Ligue 1","2025/2026","Auxerre","PSG","0","1","A","0","0","D","0","1","A"
"79704","18-01-26 20:45","France","Ligue 1","2025/2026","Lyon","Brest","2","1","H","2","0","H","0","1","A"
"79693","18-01-26 17:15","France","Ligue 1","2025/2026","Nantes","Paris FC","1","2","A","0","1","A","1","1","D"
"79694","18-01-26 17:15","France","Ligue 1","2025/2026","Rennes","Le Havre","1","1","D","0","0","D","1","1","D"
"79683","18-01-26 15:00","France","Ligue 1","2025/2026","Strasbourg","Metz","2","1","H","2","1","H","0","0","D"
"79668","17-01-26 21:05","France","Ligue 1","2025/2026","Angers","Marseille","2","5","A","1","4","A","1","1","D"
"79656","17-01-26 19:00","France","Ligue 1","2025/2026","Toulouse","Nice","5","1","H","2","0","H","3","1","H"
"79646","17-01-26 17:00","France","Ligue 1","2025/2026","Lens","Auxerre","1","0","H","0","0","D","1","0","H"
"79576","16-01-26 21:00","France","Ligue 1","2025/2026","PSG","Lille","3","0","H","1","0","H","2","0","H"
"79565","16-01-26 19:00","France","Ligue 1","2025/2026","Monaco","Lorient","1","3","A","0","0","D","1","3","A"
"75781","04-01-26 20:45","France","Ligue 1","2025/2026","PSG","Paris FC","2","1","H","1","0","H","1","1","D"
"75771","04-01-26 17:15","France","Ligue 1","2025/2026","Brest","Auxerre","2","0","H","1","0","H","1","0","H"
"75772","04-01-26 17:15","France","Ligue 1","2025/2026","Le Havre","Angers","2","1","H","1","0","H","1","1","D"
"75773","04-01-26 17:15","France","Ligue 1","2025/2026","Lorient","Metz","1","1","D","0","1","A","1","0","H"
"75750","04-01-26 15:00","France","Ligue 1","2025/2026","Marseille","Nantes","0","2","A","0","1","A","0","1","A"
"75737","03-01-26 21:05","France","Ligue 1","2025/2026","Lille","Rennes","0","2","A","0","0","D","0","2","A"
"75724","03-01-26 19:00","France","Ligue 1","2025/2026","Nice","Strasbourg","1","1","D","0","1","A","1","0","H"
"75719","03-01-26 17:00","France","Ligue 1","2025/2026","Monaco","Lyon","1","3","A","1","1","D","0","2","A"
"75694","02-01-26 20:45","France","Ligue 1","2025/2026","Toulouse","Lens","0","3","A","0","0","D","0","3","A"
"75313","14-12-25 20:45","France","Ligue 1","2025/2026","Marseille","Monaco","1","0","H","0","0","D","1","0","H"
"75314","14-12-25 17:15","France","Ligue 1","2025/2026","Auxerre","Lille","3","4","A","0","1","A","3","3","D"
"75315","14-12-25 17:15","France","Ligue 1","2025/2026","Lens","Nice","2","0","H","1","0","H","1","0","H"
"75316","14-12-25 17:15","France","Ligue 1","2025/2026","Strasbourg","Lorient","0","0","D","0","0","D","0","0","D"
"75317","14-12-25 15:00","France","Ligue 1","2025/2026","Lyon","Le Havre","1","0","H","0","0","D","1","0","H"
"75259","13-12-25 21:05","France","Ligue 1","2025/2026","Paris FC","Toulouse","0","3","A","0","2","A","0","1","A"
"75260","13-12-25 19:00","France","Ligue 1","2025/2026","Metz","PSG","2","3","A","1","2","A","1","1","D"
"75261","13-12-25 17:00","France","Ligue 1","2025/2026","Rennes","Brest","3","1","H","2","1","H","1","0","H"
"75204","12-12-25 20:45","France","Ligue 1","2025/2026","Angers","Nantes","4","1","H","1","0","H","3","1","H"
"75091","07-12-25 20:45","France","Ligue 1","2025/2026","Lorient","Lyon","1","0","H","1","0","H","0","0","D"
"75092","07-12-25 17:15","France","Ligue 1","2025/2026","Auxerre","Metz","3","1","H","2","1","H","1","0","H"
"75093","07-12-25 17:15","France","Ligue 1","2025/2026","Le Havre","Paris FC","0","0","D","0","0","D","0","0","D"
"75094","07-12-25 15:00","France","Ligue 1","2025/2026","Nice","Angers","0","1","A","0","1","A","0","0","D"
"75034","06-12-25 21:05","France","Ligue 1","2025/2026","PSG","Rennes","5","0","H","2","0","H","3","0","H"
"75035","06-12-25 19:00","France","Ligue 1","2025/2026","Toulouse","Strasbourg","1","0","H","1","0","H","0","0","D"
"75036","06-12-25 17:00","France","Ligue 1","2025/2026","Nantes","Lens","1","2","A","1","1","D","0","1","A"
"74994","05-12-25 21:00","France","Ligue 1","2025/2026","Lille","Marseille","1","0","H","1","0","H","0","0","D"
"74995","05-12-25 19:00","France","Ligue 1","2025/2026","Brest","Monaco","1","0","H","1","0","H","0","0","D"
"74900","30-11-25 20:45","France","Ligue 1","2025/2026","Lyon","Nantes","3","0","H","0","0","D","3","0","H"
"74901","30-11-25 17:15","France","Ligue 1","2025/2026","Angers","Lens","1","2","A","0","1","A","1","1","D"
"74902","30-11-25 17:15","France","Ligue 1","2025/2026","Le Havre","Lille","0","1","A","0","0","D","0","1","A"
"74903","30-11-25 17:15","France","Ligue 1","2025/2026","Lorient","Nice","3","1","H","2","1","H","1","0","H"
"74904","30-11-25 15:00","France","Ligue 1","2025/2026","Strasbourg","Brest","1","2","A","1","0","H","0","2","A"
"74841","29-11-25 21:05","France","Ligue 1","2025/2026","Marseille","Toulouse","2","2","D","0","1","A","2","1","H"
"74842","29-11-25 19:00","France","Ligue 1","2025/2026","Paris FC","Auxerre","1","1","D","1","1","D","0","0","D"
"74843","29-11-25 17:00","France","Ligue 1","2025/2026","Monaco","PSG","1","0","H","0","0","D","1","0","H"
"74787","28-11-25 20:45","France","Ligue 1","2025/2026","Metz","Rennes","0","1","A","0","1","A","0","0","D"
"74686","23-11-25 20:45","France","Ligue 1","2025/2026","Lille","Paris FC","4","2","H","1","1","D","3","1","H"
"74687","23-11-25 17:15","France","Ligue 1","2025/2026","Brest","Metz","3","2","H","1","1","D","2","1","H"
"74688","23-11-25 17:15","France","Ligue 1","2025/2026","Nantes","Lorient","1","1","D","0","1","A","1","0","H"
"74689","23-11-25 17:15","France","Ligue 1","2025/2026","Toulouse","Angers","0","1","A","0","1","A","0","0","D"
"74690","23-11-25 15:00","France","Ligue 1","2025/2026","Auxerre","Lyon","0","0","D","0","0","D","0","0","D"
"74627","22-11-25 21:05","France","Ligue 1","2025/2026","PSG","Le Havre","3","0","H","1","0","H","2","0","H"
"74628","22-11-25 19:00","France","Ligue 1","2025/2026","Rennes","Monaco","4","1","H","1","0","H","3","1","H"
"74629","22-11-25 17:00","France","Ligue 1","2025/2026","Lens","Strasbourg","1","0","H","0","0","D","1","0","H"
"74571","21-11-25 20:45","France","Ligue 1","2025/2026","Nice","Marseille","1","5","A","0","2","A","1","3","A"
"74470","09-11-25 20:45","France","Ligue 1","2025/2026","Lyon","PSG","2","3","A","1","2","A","1","1","D"
"74471","09-11-25 17:15","France","Ligue 1","2025/2026","Angers","Auxerre","2","0","H","0","0","D","2","0","H"
"74472","09-11-25 17:15","France","Ligue 1","2025/2026","Metz","Nice","2","1","H","0","1","A","2","0","H"
"74473","09-11-25 17:15","France","Ligue 1","2025/2026","Strasbourg","Lille","2","0","H","1","0","H","1","0","H"
"74474","09-11-25 15:00","France","Ligue 1","2025/2026","Lorient","Toulouse","1","1","D","1","0","H","0","1","A"
"74403","08-11-25 21:05","France","Ligue 1","2025/2026","Monaco","Lens","1","4","A","1","3","A","0","1","A"
"74404","08-11-25 19:00","France","Ligue 1","2025/2026","Le Havre","Nantes","1","1","D","0","1","A","1","0","H"
"74405","08-11-25 17:00","France","Ligue 1","2025/2026","Marseille","Brest","3","0","H","2","0","H","1","0","H"
"74343","07-11-25 20:45","France","Ligue 1","2025/2026","Paris FC","Rennes","0","1","A","0","0","D","0","1","A"
"74237","02-11-25 20:45","France","Ligue 1","2025/2026","Brest","Lyon","0","0","D","0","0","D","0","0","D"
"74238","02-11-25 17:15","France","Ligue 1","2025/2026","Lens","Lorient","3","0","H","1","0","H","2","0","H"
"74239","02-11-25 17:15","France","Ligue 1","2025/2026","Lille","Angers","1","0","H","1","0","H","0","0","D"
"74240","02-11-25 17:15","France","Ligue 1","2025/2026","Nantes","Metz","0","2","A","0","0","D","0","2","A"
"74241","02-11-25 17:15","France","Ligue 1","2025/2026","Toulouse","Le Havre","0","0","D","0","0","D","0","0","D"
"74242","02-11-25 15:00","France","Ligue 1","2025/2026","Rennes","Strasbourg","4","1","H","2","0","H","2","1","H"
"74177","01-11-25 21:05","France","Ligue 1","2025/2026","Auxerre","Marseille","0","1","A","0","1","A","0","0","D"
"74178","01-11-25 19:00","France","Ligue 1","2025/2026","Monaco","Paris FC","0","1","A","0","0","D","0","1","A"
"74179","01-11-25 17:00","France","Ligue 1","2025/2026","PSG","Nice","1","0","H","0","0","D","1","0","H"
"72339","29-10-25 21:05","France","Ligue 1","2025/2026","Marseille","Angers","2","2","D","0","1","A","2","1","H"
"72340","29-10-25 21:05","France","Ligue 1","2025/2026","Nantes","Monaco","3","5","A","2","2","D","1","3","A"
"72341","29-10-25 21:05","France","Ligue 1","2025/2026","Paris FC","Lyon","3","3","D","0","1","A","3","2","H"
"72342","29-10-25 21:05","France","Ligue 1","2025/2026","Strasbourg","Auxerre","3","0","H","0","0","D","3","0","H"
"72343","29-10-25 21:05","France","Ligue 1","2025/2026","Toulouse","Rennes","2","2","D","0","0","D","2","2","D"
"72344","29-10-25 19:00","France","Ligue 1","2025/2026","Le Havre","Brest","1","0","H","0","0","D","1","0","H"
"72345","29-10-25 19:00","France","Ligue 1","2025/2026","Lorient","PSG","1","1","D","0","0","D","1","1","D"
"72346","29-10-25 19:00","France","Ligue 1","2025/2026","Metz","Lens","2","0","H","0","0","D","2","0","H"
"72347","29-10-25 19:00","France","Ligue 1","2025/2026","Nice","Lille","2","0","H","1","0","H","1","0","H"
"69143","26-10-25 20:45","France","Ligue 1","2025/2026","Lyon","Strasbourg","2","1","H","1","1","D","1","0","H"
"69144","26-10-25 17:15","France","Ligue 1","2025/2026","Angers","Lorient","2","0","H","1","0","H","1","0","H"
"69145","26-10-25 17:15","France","Ligue 1","2025/2026","Auxerre","Le Havre","0","1","A","0","0","D","0","1","A"
"69146","26-10-25 17:15","France","Ligue 1","2025/2026","Rennes","Nice","1","2","A","0","2","A","1","0","H"
"69147","26-10-25 15:00","France","Ligue 1","2025/2026","Lille","Metz","6","1","H","2","0","H","4","1","H"
"67646","25-10-25 21:05","France","Ligue 1","2025/2026","Lens","Marseille","2","1","H","1","1","D","1","0","H"
"67647","25-10-25 19:00","France","Ligue 1","2025/2026","Monaco","Toulouse","1","0","H","1","0","H","0","0","D"
"67648","25-10-25 17:00","France","Ligue 1","2025/2026","Brest","PSG","0","3","A","0","2","A","0","1","A"
"67349","24-10-25 20:45","France","Ligue 1","2025/2026","Paris FC","Nantes","1","2","A","1","2","A","0","0","D"
"67212","19-10-25 20:45","France","Ligue 1","2025/2026","Nantes","Lille","0","2","A","0","1","A","0","1","A"
"67213","19-10-25 17:15","France","Ligue 1","2025/2026","Lorient","Brest","3","3","D","1","2","A","2","1","H"
"67214","19-10-25 17:15","France","Ligue 1","2025/2026","Rennes","Auxerre","2","2","D","1","1","D","1","1","D"
"67215","19-10-25 17:15","France","Ligue 1","2025/2026","Toulouse","Metz","4","0","H","2","0","H","2","0","H"
"67216","19-10-25 15:00","France","Ligue 1","2025/2026","Lens","Paris FC","2","1","H","1","1","D","1","0","H"
"67164","18-10-25 21:05","France","Ligue 1","2025/2026","Marseille","Le Havre","6","2","H","1","1","D","5","1","H"
"67165","18-10-25 19:00","France","Ligue 1","2025/2026","Angers","Monaco","1","1","D","0","0","D","1","1","D"
"67166","18-10-25 17:00","France","Ligue 1","2025/2026","Nice","Lyon","3","2","H","2","1","H","1","1","D"
"66610","17-10-25 20:45","France","Ligue 1","2025/2026","PSG","Strasbourg","3","3","D","1","2","A","2","1","H"
"65597","05-10-25 20:45","France","Ligue 1","2025/2026","Lille","PSG","1","1","D","0","0","D","1","1","D"
"65598","05-10-25 17:15","France","Ligue 1","2025/2026","Le Havre","Rennes","2","2","D","1","2","A","1","0","H"
"65599","05-10-25 17:15","France","Ligue 1","2025/2026","Monaco","Nice","2","2","D","1","2","A","1","0","H"
"65600","05-10-25 17:15","France","Ligue 1","2025/2026","Strasbourg","Angers","5","0","H","1","0","H","4","0","H"
"65601","05-10-25 15:00","France","Ligue 1","2025/2026","Lyon","Toulouse","1","2","A","1","0","H","0","2","A"
"65539","04-10-25 21:05","France","Ligue 1","2025/2026","Auxerre","Lens","1","2","A","0","1","A","1","1","D"
"65540","04-10-25 19:00","France","Ligue 1","2025/2026","Brest","Nantes","0","0","D","0","0","D","0","0","D"
"65541","04-10-25 17:00","France","Ligue 1","2025/2026","Metz","Marseille","0","3","A","0","0","D","0","3","A"
"65483","03-10-25 20:45","France","Ligue 1","2025/2026","Paris FC","Lorient","2","0","H","2","0","H","0","0","D"
"65382","28-09-25 20:45","France","Ligue 1","2025/2026","Rennes","Lens","0","0","D","0","0","D","0","0","D"
"65383","28-09-25 17:15","France","Ligue 1","2025/2026","Angers","Brest","0","2","A","0","2","A","0","0","D"
"65384","28-09-25 17:15","France","Ligue 1","2025/2026","Lille","Lyon","0","1","A","0","1","A","0","0","D"
"65385","28-09-25 17:15","France","Ligue 1","2025/2026","Metz","Le Havre","0","0","D","0","0","D","0","0","D"
"65386","28-09-25 15:00","France","Ligue 1","2025/2026","Nice","Paris FC","1","1","D","1","0","H","0","1","A"
"65331","27-09-25 21:05","France","Ligue 1","2025/2026","PSG","Auxerre","2","0","H","1","0","H","1","0","H"
"65332","27-09-25 19:00","France","Ligue 1","2025/2026","Toulouse","Nantes","2","2","D","0","1","A","2","1","H"
"65333","27-09-25 17:00","France","Ligue 1","2025/2026","Lorient","Monaco","3","1","H","1","0","H","2","1","H"
"65271","26-09-25 20:45","France","Ligue 1","2025/2026","Strasbourg","Marseille","1","2","A","0","0","D","1","2","A"
"65238","22-09-25 20:00","France","Ligue 1","2025/2026","Marseille","PSG","1","0","H","1","0","H","0","0","D"
"65187","21-09-25 17:15","France","Ligue 1","2025/2026","Auxerre","Toulouse","1","0","H","1","0","H","0","0","D"
"65188","21-09-25 17:15","France","Ligue 1","2025/2026","Le Havre","Lorient","1","1","D","0","1","A","1","0","H"
"65189","21-09-25 17:15","France","Ligue 1","2025/2026","Monaco","Metz","5","2","H","1","1","D","4","1","H"
"65190","21-09-25 15:00","France","Ligue 1","2025/2026","Paris FC","Strasbourg","2","3","A","0","1","A","2","2","D"
"65132","20-09-25 21:05","France","Ligue 1","2025/2026","Lens","Lille","3","0","H","2","0","H","1","0","H"
"65133","20-09-25 19:00","France","Ligue 1","2025/2026","Brest","Nice","4","1","H","2","1","H","2","0","H"
"65134","20-09-25 17:00","France","Ligue 1","2025/2026","Nantes","Rennes","2","2","D","0","2","A","2","0","H"
"65071","19-09-25 20:45","France","Ligue 1","2025/2026","Lyon","Angers","1","0","H","0","0","D","1","0","H"
"65000","14-09-25 20:45","France","Ligue 1","2025/2026","Rennes","Lyon","3","1","H","0","1","A","3","0","H"
"65001","14-09-25 17:15","France","Ligue 1","2025/2026","Brest","Paris FC","1","2","A","0","2","A","1","0","H"
"65002","14-09-25 17:15","France","Ligue 1","2025/2026","Metz","Angers","1","1","D","1","0","H","0","1","A"
"65003","14-09-25 17:15","France","Ligue 1","2025/2026","PSG","Lens","2","0","H","1","0","H","1","0","H"
"65004","14-09-25 17:15","France","Ligue 1","2025/2026","Strasbourg","Le Havre","1","0","H","0","0","D","1","0","H"
"65005","14-09-25 15:00","France","Ligue 1","2025/2026","Lille","Toulouse","2","1","H","0","0","D","2","1","H"
"64946","13-09-25 21:05","France","Ligue 1","2025/2026","Auxerre","Monaco","1","2","A","0","1","A","1","1","D"
"64947","13-09-25 17:00","France","Ligue 1","2025/2026","Nice","Nantes","1","0","H","0","0","D","1","0","H"
"64887","12-09-25 20:45","France","Ligue 1","2025/2026","Marseille","Lorient","4","0","H","3","0","H","1","0","H"
"64765","31-08-25 20:45","France","Ligue 1","2025/2026","Lyon","Marseille","1","0","H","0","0","D","1","0","H"
"64766","31-08-25 17:15","France","Ligue 1","2025/2026","Le Havre","Nice","3","1","H","1","0","H","2","1","H"
"64767","31-08-25 17:15","France","Ligue 1","2025/2026","Monaco","Strasbourg","3","2","H","1","0","H","2","2","D"
"64768","31-08-25 17:15","France","Ligue 1","2025/2026","Paris FC","Metz","3","2","H","1","1","D","2","1","H"
"64769","31-08-25 15:00","France","Ligue 1","2025/2026","Angers","Rennes","1","1","D","0","1","A","1","0","H"
"64712","30-08-25 21:05","France","Ligue 1","2025/2026","Toulouse","PSG","3","6","A","1","4","A","2","2","D"
"64713","30-08-25 19:00","France","Ligue 1","2025/2026","Nantes","Auxerre","1","0","H","1","0","H","0","0","D"
"64714","30-08-25 17:00","France","Ligue 1","2025/2026","Lorient","Lille","1","7","A","0","0","D","1","7","A"
"64650","29-08-25 20:45","France","Ligue 1","2025/2026","Lens","Brest","3","1","H","0","1","A","3","0","H"
"64584","24-08-25 20:45","France","Ligue 1","2025/2026","Lille","Monaco","1","0","H","0","0","D","1","0","H"
"64585","24-08-25 17:15","France","Ligue 1","2025/2026","Le Havre","Lens","1","2","A","1","2","A","0","0","D"
"64586","24-08-25 17:15","France","Ligue 1","2025/2026","Strasbourg","Nantes","1","0","H","0","0","D","1","0","H"
"64587","24-08-25 17:15","France","Ligue 1","2025/2026","Toulouse","Brest","2","0","H","0","0","D","2","0","H"
"64588","24-08-25 15:00","France","Ligue 1","2025/2026","Lorient","Rennes","4","0","H","1","0","H","3","0","H"
"64537","23-08-25 21:05","France","Ligue 1","2025/2026","Lyon","Metz","3","0","H","2","0","H","1","0","H"
"64538","23-08-25 19:00","France","Ligue 1","2025/2026","Nice","Auxerre","3","1","H","2","1","H","1","0","H"
"64539","23-08-25 17:00","France","Ligue 1","2025/2026","Marseille","Paris FC","5","2","H","2","1","H","3","1","H"
"64480","22-08-25 20:45","France","Ligue 1","2025/2026","PSG","Angers","1","0","H","0","0","D","1","0","H"
"64405","17-08-25 20:45","France","Ligue 1","2025/2026","Nantes","PSG","0","1","A","0","0","D","0","1","A"
"64406","17-08-25 17:15","France","Ligue 1","2025/2026","Angers","Paris FC","1","0","H","1","0","H","0","0","D"
"64407","17-08-25 17:15","France","Ligue 1","2025/2026","Auxerre","Lorient","1","0","H","0","0","D","1","0","H"
"64408","17-08-25 17:15","France","Ligue 1","2025/2026","Metz","Strasbourg","0","1","A","0","0","D","0","1","A"
"64409","17-08-25 15:00","France","Ligue 1","2025/2026","Brest","Lille","3","3","D","1","2","A","2","1","H"
"64375","16-08-25 21:05","France","Ligue 1","2025/2026","Nice","Toulouse","0","1","A","0","0","D","0","1","A"
"64376","16-08-25 19:00","France","Ligue 1","2025/2026","Monaco","Le Havre","3","1","H","1","0","H","2","1","H"
"64377","16-08-25 17:00","France","Ligue 1","2025/2026","Lens","Lyon","0","1","A","0","1","A","0","0","D"